<?xml version="1.0" encoding="UTF-8"?>
<metadata xml:lang="pt"><Esri><CreaDate>20160322</CreaDate><CreaTime>14312200</CreaTime><ArcGISFormat>1.0</ArcGISFormat><SyncOnce>TRUE</SyncOnce><DataProperties><itemProps><itemLocation><linkage Sync="TRUE">file://\\RAUFF\C$\gis_data\Araguaia\process\malhaviaria_drawned</linkage><protocol Sync="TRUE">Local Area Network</protocol></itemLocation></itemProps><copyHistory><copy source="C:\gis_data\Araguaia\pre_process\malhaviaria_drawned" dest="\\RAUFF\C$\gis_data\Araguaia\process\malhaviaria_drawned" date="20160322" time="14312200"></copy></copyHistory><lineage><Process ToolSource="c:\program files (x86)\arcgis\desktop10.2\ArcToolbox\Toolboxes\Data Management Tools.tbx\CalculateField" Date="20160322" Time="144815">CalculateField malhaviaria minutes "([Lenght] / [speed_mode]) *60" VB #</Process><Process ToolSource="c:\program files (x86)\arcgis\desktop10.2\ArcToolbox\Toolboxes\Data Management Tools.tbx\CalculateField" Date="20160322" Time="145537">CalculateField malhaviaria minutes "[length] / [speed_mode]*60" VB #</Process></lineage></DataProperties></Esri></metadata>
